{
  "timestamp": "2025-11-23T00:56:27.322304",
  "execution_time_seconds": 0.773482,
  "lab_galaxy": {
    "name": "NGC4826",
    "baseline_rms": 58.07875261909081,
    "optimal_rms": 58.07875261909081,
    "improvement": 0.0
  },
  "optimal_limiter_factor": 0.6699999999999999,
  "validation_results": {
    "optimal_limiter": 0.6699999999999999,
    "baseline_mean": 60.00912479583277,
    "optimized_mean": 60.34981177241509,
    "mean_improvement": -0.34068697658231883,
    "improvement_percentage": -0.5677252880148275,
    "improved_count": 2,
    "total_galaxies": 17,
    "individual_results": [
      [
        "MOCK042",
        14.369109218341595,
        14.369109218341595
      ],
      [
        "NGC6946",
        16.481907306247184,
        16.454552713612095
      ],
      [
        "NGC5055",
        19.666360986310945,
        20.32974824514717
      ],
      [
        "NGC7331",
        25.379310604434615,
        25.54919711783118
      ],
      [
        "MOCK035",
        40.397168899574716,
        40.397168899574716
      ],
      [
        "NGC3198",
        42.46288656590978,
        42.27254499729451
      ],
      [
        "MOCK040",
        44.31952687217074,
        44.31952687217074
      ],
      [
        "UGC2885",
        49.314684093434025,
        50.21307515090758
      ],
      [
        "NGC4826",
        58.07875261909081,
        58.07875261909081
      ],
      [
        "MOCK037",
        64.51288726614469,
        64.51288726614469
      ],
      [
        "NGC2403",
        74.44372327743541,
        74.44372327743541
      ],
      [
        "NGC5194",
        82.32462974502758,
        83.17205264532099
      ],
      [
        "MOCK045",
        82.69286667672611,
        83.40324411233878
      ],
      [
        "MW",
        90.29308383726803,
        90.29308383726803
      ],
      [
        "IC342",
        96.14355312129165,
        97.28509566514269
      ],
      [
        "NGC2841",
        101.4889009143044,
        102.31501757406679
      ],
      [
        "NGC3521",
        117.7857695254448,
        118.53801991936884
      ]
    ]
  },
  "scan_data": {
    "coarse_results": [
      [
        0.7,
        58.07875261909081,
        0.0
      ],
      [
        0.72,
        58.07875261909081,
        0.0
      ],
      [
        0.74,
        58.07875261909081,
        0.0
      ],
      [
        0.76,
        58.07875261909081,
        0.0
      ],
      [
        0.78,
        58.07875261909081,
        0.0
      ],
      [
        0.8,
        58.07875261909081,
        0.0
      ],
      [
        0.8200000000000001,
        58.07875261909081,
        0.0
      ],
      [
        0.8400000000000001,
        58.07875261909081,
        0.0
      ],
      [
        0.8600000000000001,
        58.07875261909081,
        0.0
      ],
      [
        0.8800000000000001,
        58.07875261909081,
        0.0
      ],
      [
        0.9000000000000001,
        58.07875261909081,
        0.0
      ]
    ],
    "fine_results": [
      [
        0.6699999999999999,
        58.07875261909081,
        0.0
      ],
      [
        0.6749999999999999,
        58.07875261909081,
        0.0
      ],
      [
        0.6799999999999999,
        58.07875261909081,
        0.0
      ],
      [
        0.6849999999999999,
        58.07875261909081,
        0.0
      ],
      [
        0.69,
        58.07875261909081,
        0.0
      ],
      [
        0.695,
        58.07875261909081,
        0.0
      ],
      [
        0.7,
        58.07875261909081,
        0.0
      ],
      [
        0.705,
        58.07875261909081,
        0.0
      ],
      [
        0.71,
        58.07875261909081,
        0.0
      ],
      [
        0.715,
        58.07875261909081,
        0.0
      ],
      [
        0.72,
        58.07875261909081,
        0.0
      ],
      [
        0.725,
        58.07875261909081,
        0.0
      ],
      [
        0.73,
        58.07875261909081,
        0.0
      ],
      [
        0.735,
        58.07875261909081,
        0.0
      ]
    ]
  }
}