{
  "timestamp": "2025-11-23T02:39:50.109177",
  "test_type": "selective_magnetic_hybrid",
  "strategy": "Apply magnetic fields only to spiral galaxies (2e10 < M < 8e10)",
  "optimized_magnetic_params": {
    "v_magnetic_max": 20.0,
    "B_critical": 20.0,
    "amplification_factor": 0.4,
    "suppression_factor": 0.5
  },
  "n_galaxies_tested": 15,
  "n_galaxies_with_magnetic": 3,
  "results": {
    "original": [
      23.36042368192517,
      67.62646307816073,
      44.14112461655741,
      38.925597923042616,
      44.374872742091355,
      102.8581548621057,
      60.37276165051071,
      21.63805363831117,
      37.40642387870961,
      106.38194620256905,
      125.8182212613074,
      29.021892618616324,
      37.97121568077503,
      35.18972562524866,
      47.77159707273499
    ],
    "selective": [
      46.84839096559251,
      49.84013429660912,
      133.73012088193502,
      118.51011043538398,
      39.01219252905853,
      219.123660022178,
      235.1674248800038,
      140.87476465978327,
      54.37846466121861,
      254.51004736493957,
      268.4241373897997,
      157.14346721629542,
      84.59130102008004,
      31.741029612745397,
      140.42284226344913
    ],
    "galaxy_names": [
      "DDO154",
      "NGC2403",
      "NGC3198",
      "NGC7793",
      "IC2574",
      "MW",
      "UGC2885",
      "NGC6946",
      "NGC300",
      "NGC2841",
      "NGC3521",
      "NGC5055",
      "NGC6503",
      "DDO161",
      "NGC2976"
    ],
    "galaxy_types": [
      "dwarf",
      "spiral",
      "massive",
      "dwarf",
      "dwarf",
      "spiral",
      "massive",
      "massive",
      "dwarf",
      "massive",
      "massive",
      "massive",
      "spiral",
      "dwarf",
      "dwarf"
    ],
    "used_magnetic": [
      false,
      true,
      false,
      false,
      false,
      true,
      false,
      false,
      false,
      false,
      false,
      false,
      true,
      false,
      false
    ],
    "magnetic_contributions": [
      0.0,
      20.0,
      0.0,
      0.0,
      0.0,
      20.0,
      0.0,
      0.0,
      0.0,
      0.0,
      0.0,
      0.0,
      20.0,
      0.0,
      0.0
    ],
    "improvements": [
      -23.487967283667338,
      17.786328781551603,
      -89.5889962653776,
      -79.58451251234136,
      5.362680213032824,
      -116.2655051600723,
      -174.7946632294931,
      -119.2367110214721,
      -16.972040782508998,
      -148.1281011623705,
      -142.60591612849228,
      -128.12157459767909,
      -46.62008533930501,
      3.448696012503266,
      -92.65124519071414
    ]
  },
  "type_analysis": {
    "dwarf": {
      "avg_original": 37.8381068206254,
      "avg_selective": 71.81883841124136,
      "avg_improvement": -33.98073159061596,
      "n_galaxies": 6,
      "galaxies": [
        "DDO154",
        "NGC7793",
        "IC2574",
        "NGC300",
        "DDO161",
        "NGC2976"
      ]
    },
    "spiral": {
      "avg_original": 69.48527787368049,
      "avg_selective": 117.85169844628905,
      "avg_improvement": -48.36642057260857,
      "n_galaxies": 3,
      "galaxies": [
        "NGC2403",
        "MW",
        "NGC6503"
      ]
    },
    "massive": {
      "avg_original": 64.56233333131202,
      "avg_selective": 198.30832706545945,
      "avg_improvement": -133.74599373414745,
      "n_galaxies": 6,
      "galaxies": [
        "NGC3198",
        "UGC2885",
        "NGC6946",
        "NGC2841",
        "NGC3521",
        "NGC5055"
      ]
    }
  },
  "total_improvement": -76.76397424442709
}