{
  "timestamp": "2025-11-23T02:49:08.905081",
  "ngc2403_characteristics": {
    "M_total": 45000000000.0,
    "M_bulge_disk_ratio": 0.125,
    "M_disk_total_ratio": 0.8888888888888888,
    "R_bulge": 0.5,
    "R_disk": 4.542975558377932,
    "R_bulge_disk_ratio": 0.11006002422309419,
    "R_max": 15.143251861259774,
    "V_max": 87.88213878625614,
    "V_central": 27.87657132606764,
    "V_outer": 31.141536904825635,
    "velocity_gradient_max": 57.15192425539226,
    "velocity_gradient_min": -6.0657311092927895,
    "velocity_gradient_central": 57.15192425539226,
    "velocity_gradient_outer": -4.580146171897058,
    "R_90_percent_Vmax": 2.7516587598446662,
    "plateau_velocity_std": 18.79902583576879,
    "plateau_velocity_mean": 65.32455981304055,
    "disk_surface_density": 616920665.0338563,
    "V_max_over_sqrt_M": 0.00041428037520626016,
    "specific_angular_momentum": 1330.821361746463,
    "estimated_B_field": 40.0,
    "name": "NGC2403"
  },
  "comparison_galaxies": [
    {
      "M_total": 45000000000.0,
      "M_bulge_disk_ratio": 0.125,
      "M_disk_total_ratio": 0.8888888888888888,
      "R_bulge": 0.5,
      "R_disk": 4.542975558377932,
      "R_bulge_disk_ratio": 0.11006002422309419,
      "R_max": 15.143251861259774,
      "V_max": 87.88213878625614,
      "V_central": 27.87657132606764,
      "V_outer": 31.141536904825635,
      "velocity_gradient_max": 57.15192425539226,
      "velocity_gradient_min": -6.0657311092927895,
      "velocity_gradient_central": 57.15192425539226,
      "velocity_gradient_outer": -4.580146171897058,
      "R_90_percent_Vmax": 2.7516587598446662,
      "plateau_velocity_std": 18.79902583576879,
      "plateau_velocity_mean": 65.32455981304055,
      "disk_surface_density": 616920665.0338563,
      "V_max_over_sqrt_M": 0.00041428037520626016,
      "specific_angular_momentum": 1330.821361746463,
      "estimated_B_field": 40.0,
      "name": "NGC2403"
    },
    {
      "M_total": 70000000000.0,
      "M_bulge_disk_ratio": 0.16666666666666666,
      "M_disk_total_ratio": 0.8571428571428571,
      "R_bulge": 0.5,
      "R_disk": 8.284237515678342,
      "R_bulge_disk_ratio": 0.060355584814380865,
      "R_max": 27.61412505226114,
      "V_max": 314.48525913410475,
      "V_central": 53.269197406741085,
      "V_outer": 272.9495319612026,
      "velocity_gradient_max": 130.9197768953088,
      "velocity_gradient_min": -4.329637357961502,
      "velocity_gradient_central": 130.9197768953088,
      "velocity_gradient_outer": -2.1718502805787723,
      "R_90_percent_Vmax": 7.705613870973434,
      "plateau_velocity_std": 12.9770694244912,
      "plateau_velocity_mean": 291.7854391947151,
      "disk_surface_density": 278289162.46974945,
      "V_max_over_sqrt_M": 0.0011886425523779216,
      "specific_angular_momentum": 8684.23527282192,
      "estimated_B_field": 40.0,
      "name": "MW"
    },
    {
      "M_total": 28500000000.0,
      "M_bulge_disk_ratio": 0.14,
      "M_disk_total_ratio": 0.8771929824561403,
      "R_bulge": 0.5,
      "R_disk": 5.9980492211666165,
      "R_bulge_disk_ratio": 0.0833604362957779,
      "R_max": 19.99349740388872,
      "V_max": 139.2178988989616,
      "V_central": 34.08328302970875,
      "V_outer": 50.93546596108833,
      "velocity_gradient_max": 79.82672415329559,
      "velocity_gradient_min": -6.989827219763484,
      "velocity_gradient_central": 39.87279352073305,
      "velocity_gradient_outer": -3.9362405002939154,
      "R_90_percent_Vmax": 3.451996212083148,
      "plateau_velocity_std": 29.196021727430676,
      "plateau_velocity_mean": 103.80942969224415,
      "disk_surface_density": 221192341.13570067,
      "V_max_over_sqrt_M": 0.0008246556617677868,
      "specific_angular_momentum": 2783.4527002112313,
      "estimated_B_field": 40.0,
      "name": "NGC6503"
    },
    {
      "M_total": 93500000000.0,
      "M_bulge_disk_ratio": 0.1,
      "M_disk_total_ratio": 0.9090909090909091,
      "R_bulge": 0.5,
      "R_disk": 9.072289108261115,
      "R_bulge_disk_ratio": 0.05511288209992185,
      "R_max": 30.240963694203717,
      "V_max": 197.9217055462032,
      "V_central": 34.62678988309181,
      "V_outer": 73.82281264396514,
      "velocity_gradient_max": 70.4037501226108,
      "velocity_gradient_min": -7.555434493645691,
      "velocity_gradient_central": 40.432286035422194,
      "velocity_gradient_outer": -5.85643884424815,
      "R_90_percent_Vmax": 5.21244863809364,
      "plateau_velocity_std": 38.98484639535473,
      "plateau_velocity_mean": 152.31889764266577,
      "disk_surface_density": 328726934.65281045,
      "V_max_over_sqrt_M": 0.0006472731905224997,
      "specific_angular_momentum": 5985.34311171761,
      "estimated_B_field": 40.0,
      "name": "NGC3198"
    },
    {
      "M_total": 95000000000.0,
      "M_bulge_disk_ratio": 0.1875,
      "M_disk_total_ratio": 0.8421052631578947,
      "R_bulge": 0.5,
      "R_disk": 7.349415044878871,
      "R_bulge_disk_ratio": 0.068032625310555,
      "R_max": 24.49805014959624,
      "V_max": 184.88546931591316,
      "V_central": 32.62833333135132,
      "V_outer": 168.76604297297337,
      "velocity_gradient_max": 106.2768155346802,
      "velocity_gradient_min": -2.7112383409876735,
      "velocity_gradient_central": 106.2768155346802,
      "velocity_gradient_outer": -2.7112383409876735,
      "R_90_percent_Vmax": 4.62143218254178,
      "plateau_velocity_std": 7.603586182753031,
      "plateau_velocity_mean": 176.52457073458936,
      "disk_surface_density": 471448834.21930414,
      "V_max_over_sqrt_M": 0.0005998476715771085,
      "specific_angular_momentum": 4529.333499232877,
      "estimated_B_field": 40.0,
      "name": "NGC6946"
    },
    {
      "M_total": 1100000000.0,
      "M_bulge_disk_ratio": 0.1,
      "M_disk_total_ratio": 0.9090909090909091,
      "R_bulge": 0.5,
      "R_disk": 1.704346894704009,
      "R_bulge_disk_ratio": 0.2933675072566927,
      "R_max": 5.68115631568003,
      "V_max": 57.93958857706616,
      "V_central": 44.64144596740539,
      "V_outer": 22.27662299083796,
      "velocity_gradient_max": 36.05182778257951,
      "velocity_gradient_min": -12.723141455613195,
      "velocity_gradient_central": 36.05182778257951,
      "velocity_gradient_outer": -8.722777716956582,
      "R_90_percent_Vmax": 0.9701180124407152,
      "plateau_velocity_std": 11.350836648998872,
      "plateau_velocity_mean": 44.00762789540448,
      "disk_surface_density": 109580717.55822654,
      "V_max_over_sqrt_M": 0.001746944325615365,
      "specific_angular_momentum": 329.16385957250196,
      "estimated_B_field": 40.0,
      "name": "DDO154"
    }
  ],
  "unique_factors": [
    {
      "parameter": "V_max_over_sqrt_M",
      "ngc2403_value": 0.00041428037520626016,
      "others_mean": 0.0010014726803721362,
      "z_score": 1.377319987421483
    }
  ]
}