{
  "metadata": {
    "source": "SPARC Sample - Trinitária Theory Validation",
    "validation_date": "2025-11-23 20:27:20",
    "total_galaxies": 25,
    "description": "Sample validation results for time estimation"
  },
  "results": [
    {
      "galaxy_name": "SPARC102",
      "galaxy_type": "dE",
      "distance_mpc": 3.9,
      "rms_original": 41.25432300018315,
      "rms_optimized": 40.99636567220293,
      "improvement_factor": 1.0062921998999323,
      "optimization_success": true,
      "optimized_params": {
        "psi_0": 100.0,
        "phi_0": 150.0,
        "sigma_0": 80.0,
        "alpha_psi": 0.1,
        "beta_phi": 0.1,
        "gamma_sigma": 2.0,
        "r_c_psi": 15.0,
        "r_c_phi": 18.400595388859088,
        "r_c_sigma": 2.233334899507868
      },
      "execution_time": 0.7764439582824707,
      "n_data_points": 9,
      "max_velocity": 79.1
    },
    {
      "galaxy_name": "SPARC135",
      "galaxy_type": "dE",
      "distance_mpc": 17.2,
      "rms_original": 4.795245457620469,
      "rms_optimized": 1.2559000534804066,
      "improvement_factor": 3.818174419478421,
      "optimization_success": true,
      "optimized_params": {
        "psi_0": 100.0,
        "phi_0": 150.0,
        "sigma_0": 80.0,
        "alpha_psi": 0.35325182976605857,
        "beta_phi": 2.5,
        "gamma_sigma": 2.0,
        "r_c_psi": 15.0,
        "r_c_phi": 2.46454724057224,
        "r_c_sigma": 6.633499080267549
      },
      "execution_time": 1.2757229804992676,
      "n_data_points": 12,
      "max_velocity": 19.1
    },
    {
      "galaxy_name": "SPARC160",
      "galaxy_type": "dIrr",
      "distance_mpc": 0.7,
      "rms_original": 10.86416771039495,
      "rms_optimized": 10.135511327072253,
      "improvement_factor": 1.071891428050249,
      "optimization_success": true,
      "optimized_params": {
        "psi_0": 100.0,
        "phi_0": 150.0,
        "sigma_0": 80.0,
        "alpha_psi": 0.1,
        "beta_phi": 0.1,
        "gamma_sigma": 2.0,
        "r_c_psi": 8.814124496753827,
        "r_c_phi": 8.938893869461928,
        "r_c_sigma": 0.9942760423383195
      },
      "execution_time": 1.1950981616973877,
      "n_data_points": 13,
      "max_velocity": 30.7
    },
    {
      "galaxy_name": "SPARC157",
      "galaxy_type": "SAd",
      "distance_mpc": 4.0,
      "rms_original": 61.77068004386641,
      "rms_optimized": 61.260459651414564,
      "improvement_factor": 1.008328706564644,
      "optimization_success": true,
      "optimized_params": {
        "psi_0": 100.0,
        "phi_0": 150.0,
        "sigma_0": 80.0,
        "alpha_psi": 0.1,
        "beta_phi": 0.1,
        "gamma_sigma": 2.0,
        "r_c_psi": 15.0,
        "r_c_phi": 25.0,
        "r_c_sigma": 12.0
      },
      "execution_time": 0.31991100311279297,
      "n_data_points": 15,
      "max_velocity": 147.3
    },
    {
      "galaxy_name": "SPARC074",
      "galaxy_type": "dIrr",
      "distance_mpc": 7.6,
      "rms_original": 44.57867177646662,
      "rms_optimized": 43.852559679728095,
      "improvement_factor": 1.0165580322344145,
      "optimization_success": true,
      "optimized_params": {
        "psi_0": 100.0,
        "phi_0": 150.0,
        "sigma_0": 80.0,
        "alpha_psi": 0.1,
        "beta_phi": 0.1,
        "gamma_sigma": 2.0,
        "r_c_psi": 7.92102991348087,
        "r_c_phi": 7.921140031138294,
        "r_c_sigma": 0.9359260661776415
      },
      "execution_time": 0.5906450748443604,
      "n_data_points": 11,
      "max_velocity": 67.3
    },
    {
      "galaxy_name": "SPARC043",
      "galaxy_type": "dIrr",
      "distance_mpc": 2.3,
      "rms_original": 21.807664499720513,
      "rms_optimized": 21.329769910648512,
      "improvement_factor": 1.0224050513003153,
      "optimization_success": true,
      "optimized_params": {
        "psi_0": 100.0,
        "phi_0": 150.0,
        "sigma_0": 80.0,
        "alpha_psi": 0.1,
        "beta_phi": 0.1,
        "gamma_sigma": 2.0,
        "r_c_psi": 12.447871013729529,
        "r_c_phi": 12.446600542721791,
        "r_c_sigma": 1.4675755359246698
      },
      "execution_time": 0.9821770191192627,
      "n_data_points": 19,
      "max_velocity": 49.0
    },
    {
      "galaxy_name": "SPARC129",
      "galaxy_type": "dIrr",
      "distance_mpc": 1.1,
      "rms_original": 32.65025926222285,
      "rms_optimized": 32.56880683873069,
      "improvement_factor": 1.002500933604829,
      "optimization_success": true,
      "optimized_params": {
        "psi_0": 100.0,
        "phi_0": 150.0,
        "sigma_0": 80.0,
        "alpha_psi": 0.1,
        "beta_phi": 0.1,
        "gamma_sigma": 2.0,
        "r_c_psi": 15.0,
        "r_c_phi": 24.349270400935886,
        "r_c_sigma": 3.532209517464606
      },
      "execution_time": 0.8705399036407471,
      "n_data_points": 8,
      "max_velocity": 66.9
    },
    {
      "galaxy_name": "SPARC068",
      "galaxy_type": "Im",
      "distance_mpc": 0.7,
      "rms_original": 28.06350743039376,
      "rms_optimized": 27.854939898587634,
      "improvement_factor": 1.0074876317294335,
      "optimization_success": true,
      "optimized_params": {
        "psi_0": 100.0,
        "phi_0": 150.0,
        "sigma_0": 80.0,
        "alpha_psi": 0.1,
        "beta_phi": 0.1,
        "gamma_sigma": 2.0,
        "r_c_psi": 15.0,
        "r_c_phi": 19.280110906959486,
        "r_c_sigma": 2.475869589138238
      },
      "execution_time": 0.9953861236572266,
      "n_data_points": 18,
      "max_velocity": 56.1
    },
    {
      "galaxy_name": "SPARC097",
      "galaxy_type": "SABm",
      "distance_mpc": 13.7,
      "rms_original": 38.76848060049089,
      "rms_optimized": 38.573314614159024,
      "improvement_factor": 1.005059611503032,
      "optimization_success": true,
      "optimized_params": {
        "psi_0": 100.0,
        "phi_0": 150.0,
        "sigma_0": 80.0,
        "alpha_psi": 0.1,
        "beta_phi": 0.1,
        "gamma_sigma": 2.0,
        "r_c_psi": 15.0,
        "r_c_phi": 25.0,
        "r_c_sigma": 7.425721667397025
      },
      "execution_time": 0.8439741134643555,
      "n_data_points": 11,
      "max_velocity": 79.6
    },
    {
      "galaxy_name": "SPARC086",
      "galaxy_type": "Sc",
      "distance_mpc": 2.3,
      "rms_original": 39.78288786319874,
      "rms_optimized": 39.72050195668021,
      "improvement_factor": 1.0015706223095209,
      "optimization_success": true,
      "optimized_params": {
        "psi_0": 100.0,
        "phi_0": 150.0,
        "sigma_0": 80.0,
        "alpha_psi": 0.1,
        "beta_phi": 0.1,
        "gamma_sigma": 2.0,
        "r_c_psi": 15.0,
        "r_c_phi": 25.0,
        "r_c_sigma": 4.361987817655542
      },
      "execution_time": 0.822808027267456,
      "n_data_points": 21,
      "max_velocity": 83.9
    },
    {
      "galaxy_name": "NGC2841",
      "galaxy_type": "SAb",
      "distance_mpc": 14.1,
      "rms_original": 117.58069186248328,
      "rms_optimized": 117.06828989174795,
      "improvement_factor": 1.0043769493106045,
      "optimization_success": true,
      "optimized_params": {
        "psi_0": 100.0,
        "phi_0": 150.0,
        "sigma_0": 80.0,
        "alpha_psi": 0.1,
        "beta_phi": 0.1,
        "gamma_sigma": 2.0,
        "r_c_psi": 15.0,
        "r_c_phi": 25.0,
        "r_c_sigma": 12.0
      },
      "execution_time": 0.06295990943908691,
      "n_data_points": 27,
      "max_velocity": 260.0
    },
    {
      "galaxy_name": "SPARC079",
      "galaxy_type": "Sc",
      "distance_mpc": 3.9,
      "rms_original": 71.30722562821673,
      "rms_optimized": 71.01446788546777,
      "improvement_factor": 1.0041225084333678,
      "optimization_success": true,
      "optimized_params": {
        "psi_0": 100.0,
        "phi_0": 150.0,
        "sigma_0": 80.0,
        "alpha_psi": 0.1,
        "beta_phi": 0.1,
        "gamma_sigma": 2.0,
        "r_c_psi": 15.0,
        "r_c_phi": 25.0,
        "r_c_sigma": 9.059490988447132
      },