{
  "cosmic_scales_validation": {
    "cluster_analysis": [
      {
        "cluster": "Coma",
        "rms_trinitaria": 983.4211222472144,
        "rms_nfw": 145.14033032527598,
        "improvement_factor": 0.1475871598055734,
        "observed_dispersion": 1000,
        "trinitaria_prediction": 16.582185647675143,
        "nfw_prediction": 869.1519895886199
      },
      {
        "cluster": "Virgo",
        "rms_trinitaria": 733.4222498028051,
        "rms_nfw": 188.00581005748907,
        "improvement_factor": 0.2563404779552817,
        "observed_dispersion": 750,
        "trinitaria_prediction": 16.582185647675143,
        "nfw_prediction": 574.4364652035563
      },
      {
        "cluster": "Perseus",
        "rms_trinitaria": 1283.420349025745,
        "rms_nfw": 260.2238101913284,
        "improvement_factor": 0.20275805225378143,
        "observed_dispersion": 1300,
        "trinitaria_prediction": 16.582185647675143,
        "nfw_prediction": 1060.7270278130006
      },
      {
        "cluster": "Fornax",
        "rms_trinitaria": 383.4262986014142,
        "rms_nfw": 115.78226847381158,
        "improvement_factor": 0.30196746779273875,
        "observed_dispersion": 400,
        "trinitaria_prediction": 16.582185647675143,
        "nfw_prediction": 290.7582078308868
      }
    ],
    "average_metrics": {
      "rms_trinitaria": 845.9225049192947,
      "rms_nfw": 177.28805476197627,
      "improvement_factor": 0.22716328945184383
    },
    "correlation_function": {
      "separations_Mpc": [
        1.0,
        1.0985411419875581,
        1.2067926406393286,
        1.3257113655901092,
        1.4563484775012439,
        1.599858719606058,
        1.7575106248547918,
        1.93069772888325,
        2.120950887920191,
        2.329951810515372,
        2.5595479226995357,
        2.8117686979742302,
        3.088843596477481,
        3.393221771895328,
        3.72759372031494,
        4.094915062380425,
        4.498432668969445,
        4.941713361323834,
        5.428675439323859,
        5.963623316594643,
        6.551285568595508,
        7.196856730011519,
        7.906043210907698,
        8.685113737513525,
        9.54095476349994,
        10.481131341546858,
        11.513953993264469,
        12.648552168552959,
        13.894954943731374,
        15.264179671752334,
        16.768329368110074,
        18.420699693267153,
        20.235896477251565,
        22.229964825261945,
        24.42053094548651,
        26.826957952797247,
        29.4705170255181,
        32.374575428176435,
        35.564803062231285,
        39.06939937054615,
        42.91934260128776,
        47.14866363457392,
        51.7947467923121,
        56.89866029018296,
        62.505519252739695,
        68.66488450042998,
        75.43120063354615,
        82.86427728546842,
        91.02981779915217,
        100.0
      ],
      "xi_trinitaria": [
        -0.9766992482431611,
        -0.9779292652264565,
        -0.9791019841972666,
        -0.9802179334478811,
        -0.9812756944706659,
        -0.9822715933751257,
        -0.9832003415811255,
        -0.9840563907903798,
        -0.9848355584455242,
        -0.9855364310415297,
        -0.9861611666180103,
        -0.9867155361243207,
        -0.9872082806737028,
        -0.9876500418601527,
        -0.9880521993850762,
        -0.9884259142839087,
        -0.9887815517569076,
        -0.9891284972684561,
        -0.9894752453938727,
        -0.9898295787320666,
        -0.9901986729592646,
        -0.9905890358935663,
        -0.9910062699630501,
        -0.9914547060552931,
        -0.9919369829155922,
        -0.9924536484446019,
        -0.9930028504040159,
        -0.9935801725943267,
        -0.9941786609443531,
        -0.9947890709918918,
        -0.9954003513137162,
        -0.9960003536312076,
        -0.9965767278201203,
        -0.9971179207402122,
        -0.9976141592066838,
        -0.9980582725289956,
        -0.9984462134874647,
        -0.9987771779981278,
        -0.9990533005663165,
        -0.9992789970024245,
        -0.9994601078835644,
        -0.9996030351545812,
        -0.9997140432022055,
        -0.9997988222887471,
        -0.9998623172615327,
        -0.9999087475538093,
        -0.9999417134889678,
        -0.9999643012543737,
        -0.9999791439033828,
        -0.9999884399629861
      ],
      "xi_classic": [
        18.11949159194239,
        15.299478232181404,
        12.918355517275312,
        10.907817033896526,
        9.210187185656443,
        7.776766673957287,
        6.566435478679384,
        5.544473262911754,
        4.681563363099678,
        3.9529517924317936,
        3.337737132098501,
        2.8182709397869163,
        2.3796514751458946,
        2.009296218905121,
        1.6965809226575477,
        1.432534834855753,
        1.2095833600796793,
        1.021330769334465,
        0.8623767280666105,
        0.7281613787034822,
        0.6148345336545328,
        0.519145226360766,
        0.43834845198302735,
        0.3701264224326843,
        0.31252207681600797,
        0.2638829399302188,
        0.22281371830000815,
        0.18813627389403698,
        0.15885582730177344,
        0.13413242085332228,
        0.11325682305500116,
        0.09563018311984876,
        0.08074685194987888,
        0.0681798767617582,
        0.057568753245438545,
        0.048609083906310226,
        0.04104384592344676,
        0.03465601802812313,
        0.029262354892514796,
        0.02470813043669977,
        0.020862699257096728,
        0.017615748848628803,
        0.014874135109454225,
        0.01255921034952312,
        0.010604567152500239,
        0.008954133370029664,
        0.007560563600125401,
        0.00638388100660509,
        0.005390330517928221,
        0.0045514105075652005
      ]
    }
  },
  "scale_parameters": {
    "scales_tested": [
      "galaxy",
      "group",
      "cluster",
      "supercluster",
      "cosmic"
    ],
    "universal_base_params": {
      "psi_0": 100.0,
      "phi_0": 150.0,
      "sigma_0": 80.0,
      "alpha_psi": 0.1,
      "beta_phi": 0.1,
      "gamma_sigma": 2.0
    },
    "scale_factors": {
      "galaxy": {
        "psi": 1.0,
        "phi": 1.0,
        "sigma": 1.0
      },
      "group": {
        "psi": 0.8,
        "phi": 0.85,
        "sigma": 0.7
      },
      "cluster": {
        "psi": 0.6,
        "phi": 0.7,
        "sigma": 0.5
      },
      "supercluster": {
        "psi": 0.4,
        "phi": 0.5,
        "sigma": 0.3
      },
      "cosmic": {
        "psi": 0.2,
        "phi": 0.3,
        "sigma": 0.1
      }
    }
  },
  "metadata": {
    "validation_date": "2025-11-23",
    "theory_version": "Multi-Scale Cosmic Extension",
    "clusters_tested": 4,
    "scale_range": "30 kpc to 200 Mpc"
  }
}