{
  "supercluster_validation": {
    "Local_Supercluster": {
      "predicted": 475.50767714850923,
      "observed": 627.0,
      "error": 0.2416145500023776,
      "extent_Mpc": 110,
      "mass_1e15": 1.2
    },
    "Perseus_Pisces": {
      "predicted": 1265.5414466184534,
      "observed": 400.0,
      "error": 2.1638536165461333,
      "extent_Mpc": 180,
      "mass_1e15": 8.5
    },
    "Coma_Supercluster": {
      "predicted": 1692.3442261187581,
      "observed": 200.0,
      "error": 7.461721130593791,
      "extent_Mpc": 160,
      "mass_1e15": 15.2
    },
    "Shapley_Supercluster": {
      "predicted": 2911.8779444748216,
      "observed": 850.0,
      "error": 2.4257387582056724,
      "extent_Mpc": 400,
      "mass_1e15": 45.0
    },
    "Hercules_Supercluster": {
      "predicted": 1553.0015703865713,
      "observed": 300.0,
      "error": 4.176671901288571,
      "extent_Mpc": 220,
      "mass_1e15": 12.8
    }
  },
  "correlation_function": {
    "separations_Mpc": [
      1.0,
      1.1246578221198198,
      1.264855216855296,
      1.4225293134853696,
      1.599858719606058,
      1.7992936232915528,
      2.023589647725157,
      2.2758459260747883,
      2.5595479226995357,
      2.878615592354569,
      3.237457542817644,
      3.6410319493106753,
      4.094915062380426,
      4.605378255822415,
      5.179474679231212,
      5.825136712468927,
      6.551285568595509,
      7.367954559661629,
      8.286427728546844,
      9.31939576234078,
      10.481131341546858,
      11.787686347935873,
      13.257113655901096,
      14.909716571840645,
      16.768329368110084,
      18.858632787726496,
      21.209508879201906,
      23.853440064314203,
      26.826957952797258,
      30.17114810529294,
      33.9322177189533,
      38.16213407949357,
      42.91934260128778,
      48.26957437677871,
      54.286754393238596,
      61.0540229658533,
      68.66488450043002,
      77.22449945836259,
      86.8511373751353,
      97.67781100894892,
      109.85411419875584,
      123.54828882567469,
      138.94954943731375,
      156.2706976546995,
      175.7510624854793,
      197.65980717016348,
      222.29964825261956,
      250.01103826179306,
      281.1768697974231,
      316.22776601683796
    ],
    "xi_trinitaria": [
      2.0071556261670795,
      2.027503629771588,
      2.0482620091105397,
      2.069412875963289,
      2.090931294100278,
      2.1127836377016145,
      2.1349255984363835,
      2.1572997726957848,
      2.179832750029896,
      2.2024316131895647,
      2.2249797501198034,
      2.2473318700599427,
      2.2693081115086664,
      2.290687132035156,
      2.311198082770833,
      2.330511399425472,
      2.348228394224941,
      2.3638697188235795,
      2.3768628988892053,
      2.3865293307441364,
      2.3920713946198258,
      2.3925606928171,
      2.386928875726397,
      2.373963076367047,
      2.3523086192380593,
      2.3204823565808907,
      2.2769006244867063,
      2.2199262504007096,
      2.1479390527930105,
      2.059433539733475,
      1.9531456538995409,
      1.8282070300352085,
      1.6843200261492037,
      1.521939741994066,
      1.3424408647204609,
      1.148238820431195,
      0.9428287269777604,
      0.7307053695059453,
      0.5171365810999689,
      0.3077838277609597,
      0.10819738154312475,
      -0.07674599169723806,
      -0.2433589671238804,
      -0.38949447412213,
      -0.5146344851865552,
      -0.6196837386449063,
      -0.7065265157822316,
      -0.7774866516567207,
      -0.834860281181476,
      -0.8806451097571867
    ],
    "xi_classic": [
      18.11949159194239,
      14.665918697998965,
      11.870596377657986,
      9.608062151639567,
      7.776766673957287,
      6.294515891620498,
      5.094781928143087,
      4.1237171122068474,
      3.337737132098501,
      2.701564840617106,
      2.1866469105282262,
      1.7698722752959868,
      1.4325348348557525,
      1.1594938695403898,
      0.9384944790100841,
      0.7596175454394918,
      0.6148345336545324,
      0.4976471463089688,
      0.40279566074050893,
      0.3260228567866683,
      0.2638829399302188,
      0.21358688366987813,
      0.1728772496163397,
      0.13992686686277597,
      0.11325682305500102,
      0.09167008635368899,
      0.07419777904252038,
      0.06005569138008264,
      0.048609083906310184,
      0.039344198425036135,
      0.0318451989898058,
      0.02577550793498972,
      0.020862699257096703,
      0.016886271315771726,
      0.013667750056496597,
      0.011062678557840353,
      0.008954133370029654,
      0.007247476638599052,
      0.0058661084726354725,
      0.004748028911118704,
      0.0038430551780592624,
      0.0031105693284686226,
      0.0025176951927335903,
      0.0020378227951712317,
      0.001649414018227783,
      0.0013350359069360235,
      0.0010805782254254812,
      0.0008746201470666791,
      0.0007079176533968503,
      0.0005729886347480818
    ]
  },
  "summary": {
    "mean_error": 3.2939199913273094,
    "success_rate": 0.2,
    "superclusters_tested": 5
  },
  "metadata": {
    "date": "2025-11-23",
    "version": "Simplified Cosmic Trinit\u00e1ria",
    "scales": "10-300 Mpc"
  }
}